group_key,group_type,files,functions,sum_nloc,sum_ccn,sum_token,avg_nloc,avg_ccn,avg_token,max_nloc,max_ccn,max_token,avg_params,max_params
ethernet,folder,2009,62349,1337604,262057,8405580,21.453,4.203,134.815,1814,233,7345,26.889,1832
wireless,folder,1272,32322,809440,153824,5199052,25.043,4.759,160.852,939,174,4743,30.925,984
phy,folder,93,2467,45023,10343,249569,18.250,4.193,101.163,286,83,1877,23.329,344
dsa,folder,102,2870,49231,10143,300364,17.154,3.534,104.656,163,47,1035,22.136,228
can,folder,105,2017,43519,8460,269709,21.576,4.194,133.718,195,65,1608,27.910,272
usb,folder,40,1319,31040,6313,197606,23.533,4.786,149.815,369,85,2843,29.737,416
wwan,folder,44,846,14617,2847,88187,17.278,3.365,104.240,96,28,553,21.741,149
fddi,folder,19,378,11727,2640,79387,31.024,6.984,210.019,457,148,2239,41.238,521
bonding,folder,9,449,9988,2379,59375,22.245,5.298,132.238,373,96,2171,28.185,523
wan,folder,22,419,10086,2238,65256,24.072,5.341,155.742,199,48,1388,30.162,271
ieee802154,folder,9,318,7481,1544,42956,23.525,4.855,135.082,105,72,679,28.814,138
ipa,folder,19,396,6694,1457,40484,16.904,3.679,102.232,117,58,732,22.967,154
vxlan,folder,5,246,6074,1402,38467,24.691,5.699,156.370,238,73,1673,29.902,284
ppp,folder,9,236,5759,1358,34674,24.403,5.754,146.924,214,58,1167,31.229,300
hamradio,folder,10,236,5703,1353,38967,24.165,5.733,165.114,190,60,1370,30.030,241
virtio_net.c,file,1,209,4654,1010,30261,22.268,4.833,144.789,262,63,1639,28.100,362
netdevsim,folder,13,331,5384,944,31720,16.266,2.852,95.831,102,15,536,19.242,119
wireguard,folder,21,227,4583,938,31499,20.189,4.132,138.762,161,32,1863,24.251,184
vmxnet3,folder,5,143,4640,913,31002,32.448,6.385,216.797,320,77,2027,39.378,413
hyperv,folder,5,161,4647,900,27820,28.863,5.590,172.795,157,27,971,37.901,217
macsec.c,file,1,134,3302,755,20246,24.642,5.634,151.090,199,42,1296,30.276,238
xen-netback,folder,6,161,3432,678,20701,21.317,4.211,128.578,151,29,933,27.174,192
mdio,folder,30,209,3715,669,23240,17.775,3.201,111.196,105,16,568,22.928,118
tun.c,file,1,130,2695,643,16419,20.731,4.946,126.300,269,78,1578,25.292,333
team,folder,6,214,2860,583,16078,13.364,2.724,75.131,153,33,803,15.182,190
arcnet,folder,14,128,3115,566,20905,24.336,4.422,163.320,265,58,1665,31.859,339
pcs,folder,7,119,2136,498,11991,17.950,4.185,100.765,63,26,396,23.151,98
fjes,folder,5,102,2475,473,15360,24.265,4.637,150.588,159,37,964,28.990,189
pse-pd,folder,4,92,2169,470,13223,23.576,5.109,143.728,76,17,501,29.272,96
amt.c,file,1,83,2666,463,16709,32.120,5.578,201.313,114,32,697,37.602,131
gtp.c,file,1,80,1753,387,11032,21.913,4.838,137.900,138,41,899,27.262,167
xen-netfront.c,file,1,78,1843,362,11444,23.628,4.641,146.718,134,25,753,29.718,166
ipvlan,folder,5,111,1713,352,10002,15.432,3.171,90.108,77,20,505,18.640,115
macvlan.c,file,1,80,1312,325,7874,16.400,4.062,98.425,91,28,558,20.113,123
geneve.c,file,1,59,1420,325,9457,24.068,5.508,160.288,143,41,848,29.424,173
veth.c,file,1,76,1377,316,8468,18.118,4.158,111.421,93,20,552,22.105,134
mctp,folder,3,79,1570,279,9167,19.873,3.532,116.038,114,22,691,24.405,125
vrf.c,file,1,96,1293,249,7588,13.469,2.594,79.042,44,12,312,17.531,59
tap.c,file,1,47,998,237,5871,21.234,5.043,124.915,126,36,718,25.957,149
plip,folder,1,34,852,190,5131,25.059,5.588,150.912,106,23,694,30.618,118
hippi,folder,2,24,1220,174,8538,50.833,7.250,355.750,183,32,944,64.917,201
sb1000.c,file,1,28,787,170,6223,28.107,6.071,222.250,139,29,990,33.036,160
netconsole.c,file,1,57,818,169,4709,14.351,2.965,82.614,79,15,477,17.807,111
netkit.c,file,1,44,777,158,4335,17.659,3.591,98.523,115,31,745,19.068,128
thunderbolt,folder,1,36,909,143,6180,25.250,3.972,171.667,100,18,692,32.833,138
slip,folder,2,18,499,133,3390,27.722,7.389,188.333,162,55,1221,38.944,263
caif,folder,2,39,719,120,4602,18.436,3.077,118.000,78,13,513,23.564,106
net_failover.c,file,1,27,566,120,3268,20.963,4.444,121.037,65,10,375,26.222,78
bareudp.c,file,1,29,585,118,3694,20.172,4.069,127.379,120,27,729,23.931,145
mii.c,file,1,11,425,118,2769,38.636,10.727,251.727,75,24,512,48.273,90
mdio.c,file,1,8,433,118,2516,54.125,14.750,314.500,142,33,821,62.000,162
sungem_phy.c,file,1,36,602,116,3502,16.722,3.222,97.278,37,9,247,22.806,50
rionet.c,file,1,19,486,81,3264,25.579,4.263,171.789,69,10,430,31.263,91
eql.c,file,1,20,328,66,2007,16.400,3.300,100.350,30,11,208,20.800,40
ifb.c,file,1,17,280,56,1731,16.471,3.294,101.824,54,11,331,18.882,64
ntb_netdev.c,file,1,16,298,53,1765,18.625,3.312,110.312,47,9,274,23.562,61
mhi_net.c,file,1,13,241,39,1559,18.538,3.000,119.923,50,8,304,24.154,66
Space.c,file,1,8,94,32,665,11.750,4.000,83.125,18,7,138,14.250,23
pfcp.c,file,1,15,180,26,1040,12.000,1.733,69.333,41,7,287,14.667,53
macvtap.c,file,1,11,142,26,837,12.909,2.364,76.091,45,10,292,16.182,55
dummy.c,file,1,10,99,20,496,9.900,2.000,49.600,20,5,121,11.300,25
loopback.c,file,1,12,142,18,731,11.833,1.500,60.917,34,4,175,13.833,35
vsockmon.c,file,1,10,58,11,299,5.800,1.100,29.900,13,2,75,6.700,17
nlmon.c,file,1,9,55,10,291,6.111,1.111,32.333,14,2,85,7.333,21
